{
    "name":"bootstrapcomponents",
    "displayName":"Bootstrap Components",
    "packageType": "Web-Component",
    "icon": "https://raw.githubusercontent.com/Servoy/bootstrapextracomponents/master/bootstrapextracomponents/icon/bootstrap-solid.png",
    "description": "A set of components based on the bootstrap css, intended to be used together with the 12grid layout package (please install that package as well). You can build a responsive layout for your form using this combination or components and layouts.",
    "wikiUrl": "https://github.com/Servoy/bootstrapcomponents/wiki",
    "sourceUrl" : "https://github.com/Servoy/bootstrapcomponents",
    "releases" : [{"version":"1.0.1","url":"https://github.com/Servoy/bootstrapcomponents/releases/download/v1.0.1/bootstrapcomponents.zip"},
                {"version":"1.0.2","url":"https://github.com/Servoy/bootstrapcomponents/releases/download/v1.0.2/bootstrapcomponents.zip", "servoy-version":"8.1 - 8.2", "dependency":"12grid#>=1.0.2"},
                {"version":"1.0.3","url":"https://github.com/Servoy/bootstrapcomponents/releases/download/v1.0.3/bootstrapcomponents.zip", "servoy-version":"8.1 - 8.2", "dependency":"12grid#>=1.0.3"},
                {"version":"1.0.4","url":"https://github.com/Servoy/bootstrapcomponents/releases/download/v1.0.4/bootstrapcomponents.zip", "servoy-version":"8.1.1 - 8.2", "dependency":"12grid#>=1.0.3"},
                {"version":"1.0.5","url":"https://github.com/Servoy/bootstrapcomponents/releases/download/v1.0.5/bootstrapcomponents.zip", "servoy-version":"8.1.1 - 8.2", "dependency":"12grid#>=1.0.3"},
                {"version":"1.0.6","url":"https://github.com/Servoy/bootstrapcomponents/releases/download/v1.0.6/bootstrapcomponents.zip", "servoy-version":"8.1.1 - 8.2", "dependency":"12grid#>=1.0.3"},
                {"version":"1.0.7","url":"https://github.com/Servoy/bootstrapcomponents/releases/download/v1.0.7/bootstrapcomponents.zip", "servoy-version":"8.1.2 - 8.2", "dependency":"12grid#>=1.0.3"},
		{"version":"1.1.0","url":"https://github.com/Servoy/bootstrapcomponents/releases/download/v1.1.0/bootstrapcomponents.zip", "servoy-version":"8.1.2 - 8.2", "dependency":"12grid#>=1.0.3"},
		{"version":"1.1.1","url":"https://github.com/Servoy/bootstrapcomponents/releases/download/v1.1.1/bootstrapcomponents.zip", "servoy-version":"8.1.2 - 8.2", "dependency":"12grid#>=1.0.3"},
		{"version":"1.2.0","url":"https://github.com/Servoy/bootstrapcomponents/releases/download/v1.2.0/bootstrapcomponents.zip", "servoy-version":"8.1.2 - 8.2", "dependency":"12grid#>=1.0.3"},
		{"version":"1.2.1","url":"https://github.com/Servoy/bootstrapcomponents/releases/download/v1.2.1/bootstrapcomponents.zip", "servoy-version":"8.1.2 - 8.2", "dependency":"12grid#>=1.0.3"},
		{"version":"1.3.0","url":"https://github.com/Servoy/bootstrapcomponents/releases/download/v1.3/bootstrapcomponents.zip", "servoy-version":"8.2", "dependency":"12grid#>=1.0.3"},
		{"version":"1.3.1","url":"https://github.com/Servoy/bootstrapcomponents/releases/download/v1.3.1/bootstrapcomponents.zip", "servoy-version":"8.2", "dependency":"12grid#>=1.0.3"},
		{"version":"1.3.2","url":"https://github.com/Servoy/bootstrapcomponents/releases/download/v1.3.2/bootstrapcomponents.zip", "servoy-version":"8.2", "dependency":"12grid#>=1.0.3"},
		{"version":"1.3.3","url":"https://github.com/Servoy/bootstrapcomponents/releases/download/v1.3.3/bootstrapcomponents.zip", "servoy-version":"8.2", "dependency":"12grid#>=1.0.3"},
		{"version":"1.3.4","url":"https://github.com/Servoy/bootstrapcomponents/releases/download/v1.3.4/bootstrapcomponents.zip", "servoy-version":"8.2", "dependency":"12grid#>=1.0.3"},
		{"version":"1.3.5","url":"https://github.com/Servoy/bootstrapcomponents/releases/download/v1.3.5/bootstrapcomponents.zip", "servoy-version":"8.2", "dependency":"12grid#>=1.0.3"},
		{"version":"1.3.6","url":"https://github.com/Servoy/bootstrapcomponents/releases/download/v1.3.6/bootstrapcomponents.zip", "servoy-version":"8.3", "dependency":"12grid#>=1.0.3"},
		{"version":"1.4.0","url":"https://github.com/Servoy/bootstrapcomponents/releases/download/v1.4.0/bootstrapcomponents.zip", "servoy-version":"8.3.1", "dependency":"12grid#>=1.0.3"},
		{"version":"1.4.1","url":"https://github.com/Servoy/bootstrapcomponents/releases/download/v1.4.1/bootstrapcomponents.zip", "servoy-version":"8.3.1", "dependency":"12grid#>=1.0.3"},
		{"version":"1.4.2","url":"https://github.com/Servoy/bootstrapcomponents/releases/download/v1.4.2/bootstrapcomponents.zip", "servoy-version":"8.3.1", "dependency":"12grid#>=1.0.3"},
		{"version":"1.5.0","url":"https://github.com/Servoy/bootstrapcomponents/releases/download/v1.5.0/bootstrapcomponents.zip", "servoy-version":"8.3.1", "dependency":"12grid#>=1.0.3"},
		{"version":"1.5.1","url":"https://github.com/Servoy/bootstrapcomponents/releases/download/v1.5.1/bootstrapcomponents.zip", "servoy-version":"8.3.1", "dependency":"12grid#>=1.0.3"},
		{"version":"1.5.2","url":"https://github.com/Servoy/bootstrapcomponents/releases/download/v1.5.2/bootstrapcomponents.zip", "servoy-version":"8.3.1", "dependency":"12grid#>=1.0.3"},
		{"version":"1.6.0","url":"https://github.com/Servoy/bootstrapcomponents/releases/download/v1.6.0/bootstrapcomponents.zip", "servoy-version":"8.4.0", "dependency":"12grid#>=1.0.3"},
		{"version":"1.7.0","url":"https://github.com/Servoy/bootstrapcomponents/releases/download/v1.7.0/bootstrapcomponents.zip", "servoy-version":"2019.6", "dependency":"12grid#>=1.0.3"},
		{"version":"2.0.0","url":"https://github.com/Servoy/bootstrapcomponents/releases/download/v2.0.0/bootstrapcomponents.zip", "servoy-version":"2019.9", "dependency":"12grid#>=1.0.3"},
		{"version":"2.1.0","url":"https://github.com/Servoy/bootstrapcomponents/releases/download/v2.1.0/bootstrapcomponents.zip", "servoy-version":"2019.9", "dependency":"12grid#>=1.0.3"},
		{"version":"3.0.0","url":"https://github.com/Servoy/bootstrapcomponents/releases/download/v3.0.0/bootstrapcomponents.zip", "servoy-version":"2020.6", "dependency":"12grid#>=1.0.3"},
		{"version":"3.0.1","url":"https://github.com/Servoy/bootstrapcomponents/releases/download/v3.0.1/bootstrapcomponents.zip", "servoy-version":"2020.6", "dependency":"12grid#>=1.0.3"},
		{"version":"3.0.2","url":"https://github.com/Servoy/bootstrapcomponents/releases/download/v3.0.2/bootstrapcomponents.zip", "servoy-version":"2020.6", "dependency":"12grid#>=1.0.3"},
		{"version":"3.0.3","url":"https://github.com/Servoy/bootstrapcomponents/releases/download/v3.0.3/bootstrapcomponents.zip", "servoy-version":"2020.6", "dependency":"12grid#>=1.0.3"},
		{"version":"3.1.0","url":"https://github.com/Servoy/bootstrapcomponents/releases/download/v3.1/bootstrapcomponents.zip", "servoy-version":"2020.6", "dependency":"12grid#>=1.0.3"},
		{"version":"3.1.1","url":"https://github.com/Servoy/bootstrapcomponents/releases/download/v3.1.1/bootstrapcomponents.zip", "servoy-version":"2020.6", "dependency":"12grid#>=1.0.3"},
		{"version":"3.1.2","url":"https://github.com/Servoy/bootstrapcomponents/releases/download/3.1.2/bootstrapcomponents.zip", "servoy-version":"2020.6", "dependency":"12grid#>=1.0.3"}
]}
